{
    "Binance": {
        "nanosecondLatencyTo": 1000,
        "nanosecondLatencyFrom": 800,
        "tradeingRules": {
            "Spot/Margin": {
                "BTC/USDT": [0.01,0.00001,5,9000,-1,73.33780187,-1,200,-1,-1,10,5],
                "ETH/USDT": [0.01,0.0001,5,9000,-1,1616.94051,-1,200,-1,-1,10,5],
                "BNB/USDT": [0.1,0.001,5,900000,-1,10037.05274,-1,200,-1,-1,10,5],
                "SOL/USDT": [0.01,0.01,5,90000,-1,62583.60729,-1,200,-1,-1,5,5],
                "XRP/USDT": [0.0001,1,5,100000,-1,4983869.429,-1,200,-1,-1,10,5],
                "ADA/USDT": [0.0001,0.1,5,900000,-1,2541523.293,-1,200,-1,-1,10,5],
                "DOGE/USDT": [0.00001,1,5,9000000,-1,19734811.91,-1,200,-1,-1,5,5],
                "AVAX/USDT": [0.01,0.01,5,90000,-1,37418.24742,-1,200,-1,-1,5,5],
                "SHIB/USDT": [0.00000001,1,1,46116860414,-1,46116860414,-1,200,-1,-1,5,5],
                "DOT/USDT": [0.001,0.01,5,90000,-1,127708.8023,-1,200,-1,-1,10,5]
            },
            "Futures": {

            }
        }, 
        "feeStructure": {
            "Spot/Margin": {
                "Maker": [0.1, 0.09, 0.08, 0.042, 0.042, 0.036, 0.030, 0.024, 0.018, 0.012],
                "Taker": [0.1, 0.1, 0.1, 0.06, 0.054, 0.048, 0.042, 0.036, 0.030, 0.024]
            },
            "Futures": {
                "Maker": [0.02, 0.016, 0.014, 0.012, 0.01, 0.008, 0.006, 0.004, 0.002, 0],
                "Taker": [0.05, 0.04, 0.035, 0.032, 0.03, 0.027, 0.025, 0.022, 0.02, 0.017]
            }
        }
    },
    "Bybit": {
        "nanosecondLatencyTo": 1200,
        "nanosecondLatencyFrom": 1000,
         "tradeingRules": {
            "Spot/Margin": {
                "BTC/USDT": [0.01,0.000048,1,71.73,2000000,71.73,2000000,-1,3,3,10,10],
                "ETH/USDT": [0.01,0.00062,1,1229.23,2000000,1229.23,2000000,-1,3,3,10,10],
                "BNB/USDT": [0.0001,0.00262,1,9689.85,2000000,9689.85,2000000,-1,3,3,10,10],
                "SOL/USDT": [0.01,0.023,1,148148.14,2000000,148148.14,2000000,-1,3,3,10,10],
                "XRP/USDT": [0.0001,2.63,1,4169272.46,2000000,4169272.46,2000000,-1,3,3,10,10],
                "ADA/USDT": [0.0001,1.86,1,7923930.26,2000000,7923930.26,2000000,-1,3,3,10,10],
                "DOGE/USDT": [0.00001,6.9,1,36449790.41,2000000,36449790.41,2000000,-1,3,3,10,10],
                "AVAX/USDT": [0.0001,0.034,1,173160.17,2000000,173160.17,2000000,-1,3,3,10,10],
                "SHIB/USDT": [0.0000000001,127388.5,1,277073549174,2000000,277073549174,2000000,-1,3,3,10,10],
                "DOT/USDT": [0.001,0.107,1,486618,2000000,486618,2000000,-1,3,3,10,10]
            },
            "Futures": {

            }
        }, 
        "feeStructure": {
            "Spot/Margin": {
                "Maker": [0.1, 0.0675, 0.065, 0.0625, 0.05, 0.04, 0.03, 0.05, 0.04, 0.03, 0.03, 0.005],
                "Taker": [0.1, 0.8, 0.0775, 0.075, 0.06, 0.05, 0.045, 0.06, 0.05, 0.045, 0.04, 0.015]
            },
            "Futures": {
                "Maker": [0.02, 0.018, 0.016, 0.014, 0.012, 0.01, 0, 0.01, 0.005, 0, 0, 0],
                "Taker": [0.055, 0.04, 0.0375, 0.035, 0.032, 0.032, 0.03, 0.032, 0.032, 0.03, 0.0275, 0.025]
            }
        }
    },
    "Coinbase": {
        "nanosecondLatencyTo": 1200,
        "nanosecondLatencyFrom": 1000,
         "tradeingRules": {
            "Spot/Margin": {
                "BTC/USDT": [0.01,0.0001,1,-1,-1,-1,-1,-1,3,3,1,1],
                "ETH/USDT": [0.01,0.0001,1,-1,-1,-1,-1,-1,3,3,1,1],
                "SOL/USDT": [0.01,0.001,1,-1,-1,-1,-1,-1,3,3,1,1],
                "XRP/USDT": [0.0001,0.0001,1,-1,-1,-1,-1,-1,5,5,1,1],
                "ADA/USDT": [0.001,0.01,1,-1,-1,-1,-1,-1,3,3,1,1],
                "DOGE/USDT": [0.0001,0.1,1,-1,-1,-1,-1,-1,3,3,1,1],
                "AVAX/USDT": [0.01,0.001,1,-1,-1,-1,-1,-1,3,3,1,1],
                "SHIB/USDT": [0.0000001,1,1,-1,-1,-1,-1,-1,3,3,1,1],
                "DOT/USDT": [0.01,0.001,1,-1,-1,-1,-1,-1,3,3,1,1]
            },
            "Futures": {

            }
        }, 
        "feeStructure": {
            "Spot/Margin": {
                "Maker": [0.4, 0.25, 0.15, 0.1, 0.08, 0.06, 0.03, 0, 0],
                "Taker": [0.6, 0.4, 0.25, 0.2, 0.18, 0.16, 0.12, 0.08, 0.05]
            },
            "Futures": {
                "Maker": [0.02, 0.016, 0.01, 0.008, 0.005, 0],
                "Taker": [0.04, 0.04, 0.035, 0.035, 0.03, 0.025]
            }
        }
    }, 
    "Okx": {
        "nanosecondLatencyTo": 1200,
        "nanosecondLatencyFrom": 1000,
         "tradeingRules": {
            "Spot/Margin": {
                "BTC/USDT": [0.1,0.00001,-1,-1,20000000,-1,1000000,-1,2,-1,10,10],
                "ETH/USDT": [0.01,0.0001,-1,-1,20000000,-1,1000000,-1,2,-1,10,10],
                "BNB/USDT": [0.1,0.01,-1,-1,20000000,-1,1000000,-1,15,-1,5,5],
                "SOL/USDT": [0.01,0.01,-1,-1,20000000,-1,1000000,-1,4,-1,10,10],
                "XRP/USDT": [0.0001,1,-1,-1,20000000,-1,1000000,-1,2,-1,10,10],
                "ADA/USDT": [0.0001,10,-1,-1,20000000,-1,1000000,-1,15,-1,10,10],
                "DOGE/USDT": [0.00001,10,-1,-1,20000000,-1,1000000,-1,15,-1,10,10],
                "AVAX/USDT": [0.001,0.1,-1,-1,20000000,-1,1000000,-1,15,-1,10,10],
                "SHIB/USDT": [0.000000001,100000,-1,-1,20000000,-1,1000000,-1,15,-1,5,5],
                "DOT/USDT": [0.001,0.1,-1,-1,20000000,-1,1000000,-1,2,-1,10,10]
            },
            "Futures": {

            }
        }, 
        "feeStructure": {
            "Spot/Margin": {
                "Maker": [0.08, 0.075, 0.07, 0.065, 0.06, 0.045, 0.04, 0.03, 0.02, 0, -0.002, -0.005, -0.005],
                "Taker": [0.1, 0.9, 0.8, 0.7, 0.6, 0.5, 0.45, 0.4, 0.35, 0.3, 0.25, 0.2, 0.15]
            },
            "Futures": {
                "Maker": [0.02, 0.018, 0.017, 0.016, 0.015, 0.01, 0.008, 0.005, 0.002, 0, -0.002, -0.005, -0.005],
                "Taker": [0.05, 0.045, 0.04, 0.035, 0.03, 0.03, 0.03, 0.025, 0.02, 0.02, 0.02, 0.02, 0.015]
            }
        }
    }
}